<?xml version='1.0' encoding='utf-8'?>
<tomcat-users xmlns="http://tomcat.apache.org/xml"
              xmlns:xsi="http://www.w3.org/2001/XMLSchema-instance"
              xsi:schemaLocation="http://tomcat.apache.org/xml tomcat-users.xsd"
              version="1.0">
  <role rolename="admin"/>
  <role rolename="analyst"/>
  <role rolename="kie-server"/>
  <role rolename="user"/>
  <role rolename="manager-gui"/>
  <user username="kieserver" password="kieserver1!" roles="kie-server"/>
  <user username="admin" password="admin" roles="manager-gui"/>
  <user username="workbench" password="workbench1!" roles="admin,kie-server"/>
</tomcat-users>
